index,task,waum
0,coast_art294-662.jpg,0.14549527686980712
1,coast_bea10-642.jpg,0.1409890107363994
2,coast_bea26-755.jpg,0.14822261722071534
3,coast_bea27-732.jpg,0.15012250622156925
4,coast_bea3-744.jpg,0.14947572401562026
5,coast_bea33-733.jpg,0.15541964955247828
6,coast_bea38-663.jpg,0.15574341370345068
7,coast_bea39-749.jpg,0.15347935476962327
8,coast_bea9-758.jpg,0.15786959617264182
9,coast_cdmc1000-657.jpg,0.1484682567580049
10,coast_cdmc123-685.jpg,0.1542932832354732
11,coast_cdmc838-679.jpg,0.1510354754906914
12,coast_cdmc841-676.jpg,0.153405342864983
13,coast_cdmc845-671.jpg,0.15328169240270623
14,coast_cdmc850-646.jpg,0.1545412499516208
15,coast_cdmc862-644.jpg,0.1529102936387062
16,coast_cdmc889-681.jpg,0.15669057130943137
17,coast_cdmc891-682.jpg,0.1315832729574692
18,coast_cdmc900-735.jpg,0.14794550467040557
19,coast_cdmc906-647.jpg,0.13412251287100688
20,coast_cdmc923-753.jpg,0.10196025598415728
21,coast_cdmc933-716.jpg,0.09933832517292958
22,coast_cdmc942-705.jpg,0.09238596977451594
23,coast_cdmc948-649.jpg,0.1526322366042304
24,coast_cdmc988-706.jpg,0.14630544496352474
25,coast_cdmc989-643.jpg,0.15890810399173844
26,coast_gre637-721.jpg,0.15602740591620332
27,coast_land100-650.jpg,0.14834847258717992
28,coast_land112-748.jpg,0.15480980225713623
29,coast_land253-683.jpg,0.15544841755299782
30,coast_land277-695.jpg,0.14557280231713893
31,coast_land369-686.jpg,0.15263459683077932
32,coast_land371-725.jpg,0.1509941332831987
33,coast_land386-667.jpg,0.15188922888793108
34,coast_land480-627.jpg,0.1397316780662881
35,coast_land812-691.jpg,0.14915066345041272
36,coast_land897-742.jpg,0.15463758699020688
37,coast_land951-726.jpg,0.13191678181290625
38,coast_land954-687.jpg,0.09504392545270314
39,coast_n122078-653.jpg,0.15853035902275692
40,coast_n199065-658.jpg,0.14301638394594193
41,coast_n203004-660.jpg,0.13466672691622325
42,coast_n203015-740.jpg,0.1536817303456588
43,coast_n203036-641.jpg,0.15213477515605905
44,coast_n203037-747.jpg,0.1516104154590694
45,coast_n203066-640.jpg,0.1581264630705033
46,coast_n203069-729.jpg,0.15222717857989465
47,coast_n228047-672.jpg,0.09829677313868954
48,coast_n228083-720.jpg,0.15648564479476593
49,coast_n241018-659.jpg,0.1559785446046887
50,coast_n243011-710.jpg,0.157088766124018
51,coast_n286096-734.jpg,0.16042324843428157
52,coast_n291032-639.jpg,0.0812235840031822
53,coast_n291057-698.jpg,0.14775572503862333
54,coast_n291061-648.jpg,0.15551596042788693
55,coast_n295011-746.jpg,0.13824703540643207
56,coast_n295027-699.jpg,0.08136124781681185
57,coast_n295051-757.jpg,0.15350190949984713
58,coast_n295080-688.jpg,0.1498322527573994
59,coast_n384013-625.jpg,0.15564919245954273
60,coast_n384026-730.jpg,0.1563435292979728
61,coast_n384038-741.jpg,0.15236565040639105
62,coast_n384092-630.jpg,0.15273186762518245
63,coast_n384099-752.jpg,0.1522098777066647
64,coast_n424081-632.jpg,0.08604164790752603
65,coast_n446013-736.jpg,0.15715205002759502
66,coast_n486055-677.jpg,0.15135633557805403
67,coast_n672021-703.jpg,0.1545628486487792
68,coast_n672069-708.jpg,0.15739968420477587
69,coast_n708004-722.jpg,0.15518746708533654
70,coast_n736062-645.jpg,0.07549723440480277
71,coast_n739046-737.jpg,0.15257791305365562
72,coast_nat1074-719.jpg,0.15518200164739596
73,coast_nat1099-656.jpg,0.11931753644345494
74,coast_nat1125-684.jpg,0.06543511132122051
75,coast_nat1146-652.jpg,0.1563332286469432
76,coast_nat1150-700.jpg,0.14746939063685705
77,coast_nat1151-723.jpg,0.1562187900026375
78,coast_nat1175-636.jpg,0.14439449278971034
79,coast_nat1177-756.jpg,0.1376644569272422
80,coast_nat167-693.jpg,0.14854990748884722
81,coast_nat174-694.jpg,0.1531932056539263
82,coast_nat194-654.jpg,0.1559737295153288
83,coast_nat288-680.jpg,0.14867748126387587
84,coast_nat293-745.jpg,0.14366250605638303
85,coast_nat294-702.jpg,0.15229555693829575
86,coast_nat472-717.jpg,0.1530411441660396
87,coast_nat482-711.jpg,0.1597478361686388
88,coast_nat496-696.jpg,0.1284320373088121
89,coast_nat566-673.jpg,0.15852527751640125
90,coast_nat602-629.jpg,0.1525052793127641
91,coast_nat605-715.jpg,0.15881704822261272
92,coast_nat684-704.jpg,0.15112085391444807
93,coast_nat739-690.jpg,0.15536561612533212
94,coast_nat768-731.jpg,0.06221531949116529
95,coast_nat810-692.jpg,0.15664339686068857
96,coast_nat820-633.jpg,0.15244070096424076
97,coast_nat893-631.jpg,0.15360487205137321
98,coast_nat899-754.jpg,0.15715215928593715
99,coast_nat905-724.jpg,0.15347862588365271
100,coast_nat921-718.jpg,0.1589785518875211
101,coast_natu130-651.jpg,0.1519056609486594
102,coast_natu469-665.jpg,0.1554083167784854
103,coast_natu515-628.jpg,0.15484160736203192
104,coast_natu619-701.jpg,0.07233378089280786
105,coast_natu638-712.jpg,0.15461955916205788
106,coast_natu641-670.jpg,0.16025915511247174
107,coast_natu648-634.jpg,0.15930727827380203
108,coast_natu670-709.jpg,0.14927846081066884
109,coast_natu702-666.jpg,0.15767089808197063
110,coast_natu704-678.jpg,0.15287968411200867
111,coast_natu718-751.jpg,0.1567582692931222
112,coast_natu789-728.jpg,0.15953509473511493
113,coast_natu814-707.jpg,0.16245454096720732
114,coast_natu822-635.jpg,0.157891818819658
115,coast_natu825-637.jpg,0.16003118091307256
116,coast_natu826-655.jpg,0.15901375832947598
117,coast_natu827-675.jpg,0.16114825804997052
118,coast_natu829-750.jpg,0.16279419927476063
119,coast_natu830-626.jpg,0.16041109172307755
120,coast_natu887-661.jpg,0.15820698590785803
121,coast_natu919-739.jpg,0.15544435047137922
122,coast_natu923-713.jpg,0.149389653816692
123,coast_open13-689.jpg,0.1508054840564728
124,coast_osun52-669.jpg,0.14928192234664406
125,coast_osun56-714.jpg,0.15774546669135436
126,coast_sun1-668.jpg,0.148302433937788
127,coast_sun16-674.jpg,0.1624037446440994
128,coast_sun27-738.jpg,0.15576753277897837
129,coast_sun32-664.jpg,0.1595809068738044
130,coast_sun33-638.jpg,0.15795563000888305
131,coast_sun4-697.jpg,0.15517510399126866
132,coast_sun5-743.jpg,0.15671604306538886
133,coast_sun57-727.jpg,0.1622918039685468
134,forest_art114-14.jpg,0.14603114455938332
135,forest_bost102-10.jpg,0.15951225189703414
136,forest_bost98-48.jpg,0.10443822982138502
137,forest_cdmc277-76.jpg,0.15736053166069067
138,forest_cdmc278-3.jpg,0.1551251196947308
139,forest_cdmc283-34.jpg,0.14752486627186653
140,forest_cdmc284-60.jpg,0.15795890227093085
141,forest_cdmc293-59.jpg,0.15322982321268283
142,forest_cdmc306-66.jpg,0.15548974651807407
143,forest_cdmc315-55.jpg,0.155849571778625
144,forest_cdmc317-119.jpg,0.1525000641379597
145,forest_cdmc318-117.jpg,0.154181452245664
146,forest_cdmc319-56.jpg,0.1548804082038645
147,forest_cdmc331-13.jpg,0.1546478347283478
148,forest_cdmc348-101.jpg,0.15663406441719754
149,forest_cdmc352-45.jpg,0.06868682485824727
150,forest_cdmc358-19.jpg,0.1561575758262944
151,forest_cdmc368-17.jpg,0.15475248186147703
152,forest_cdmc377-32.jpg,0.15856184278058372
153,forest_cdmc385-120.jpg,0.12320028887200887
154,forest_cdmc388-40.jpg,0.15238174475104405
155,forest_cdmc415-36.jpg,0.10934909819310604
156,forest_cdmc430-104.jpg,0.15713471756860517
157,forest_cdmc507-50.jpg,0.06007469291286906
158,forest_cdmc533-95.jpg,0.15675747319175962
159,forest_cdmc547-54.jpg,0.15246479744284805
160,forest_cdmc562-97.jpg,0.10516491575788514
161,forest_for105-30.jpg,0.15570850455113092
162,forest_for106-24.jpg,0.15370090762597127
163,forest_for112-68.jpg,0.05463002892117003
164,forest_for119-20.jpg,0.15618407556430602
165,forest_for130-26.jpg,0.15699496971994942
166,forest_for132-105.jpg,0.06385567243366704
167,forest_for136-122.jpg,0.15621516439048164
168,forest_for15-116.jpg,0.1518708865016303
169,forest_for17-92.jpg,0.1113149018537516
170,forest_for22-80.jpg,0.15133724308074903
171,forest_for27-110.jpg,0.05794971908824444
172,forest_for32-47.jpg,0.15491736332503694
173,forest_for38-91.jpg,0.024463087011331233
174,forest_for50-4.jpg,0.15306392352767662
175,forest_for65-0.jpg,0.13657254765654114
176,forest_for78-123.jpg,0.15406445159492102
177,forest_for82-78.jpg,0.05999638803577932
178,forest_for84-38.jpg,0.15445075925997656
179,forest_for87-82.jpg,0.1559246903827689
180,forest_land102-53.jpg,0.15482094698460763
181,forest_land215-58.jpg,0.1525625870157981
182,forest_land219-86.jpg,0.15431270184005338
183,forest_land243-39.jpg,0.11197966159380325
184,forest_land64-128.jpg,0.15621006026864054
185,forest_land733-5.jpg,0.15016907217783554
186,forest_land81-88.jpg,0.08531898991074291
187,forest_land849-124.jpg,0.15975076337028266
188,forest_land862-61.jpg,0.150215106010437
189,forest_land863-2.jpg,0.14557693212997386
190,forest_land867-72.jpg,0.15327780003398098
191,forest_land869-70.jpg,0.1538412620838152
192,forest_land922-9.jpg,0.15153416677432452
193,forest_nat1095-8.jpg,0.1556099535120997
194,forest_nat1127-111.jpg,0.15526603808022443
195,forest_nat1128-7.jpg,0.15854597149273597
196,forest_nat1131-93.jpg,0.1533150325735854
197,forest_nat1242-94.jpg,0.15723296633101952
198,forest_nat145-43.jpg,0.09059569464604031
199,forest_nat146-75.jpg,0.15516666230157708
200,forest_nat147-62.jpg,0.06512344785111972
201,forest_nat203-12.jpg,0.14313043393532482
202,forest_nat204-23.jpg,0.15393355026841157
203,forest_nat205-63.jpg,0.156898090821587
204,forest_nat208-21.jpg,0.15828538944399692
205,forest_nat209-87.jpg,0.14671006145349738
206,forest_nat210-114.jpg,0.09847081624825085
207,forest_nat211-98.jpg,0.15413789635217456
208,forest_nat220-22.jpg,0.1059743564766261
209,forest_nat223-102.jpg,0.1409622169338638
210,forest_nat239-25.jpg,0.08640603654611817
211,forest_nat260-131.jpg,0.1562935526469701
212,forest_nat286-126.jpg,0.15698617370682072
213,forest_nat312-89.jpg,0.15885783247205756
214,forest_nat315-52.jpg,0.15372634349013678
215,forest_nat325-42.jpg,0.08404713986173928
216,forest_nat328-31.jpg,0.11317061384664956
217,forest_nat338-118.jpg,0.15904810002548542
218,forest_nat347-109.jpg,0.06097952312748445
219,forest_nat359-85.jpg,0.09878295635388415
220,forest_nat361-15.jpg,0.15748914210923093
221,forest_nat367-1.jpg,0.079831778503261
222,forest_nat442-79.jpg,0.15752978383699828
223,forest_nat449-103.jpg,0.15643610355981946
224,forest_nat450-27.jpg,0.15581168178900387
225,forest_nat619-46.jpg,0.16001855059517456
226,forest_nat697-44.jpg,0.07638253941396352
227,forest_nat717-69.jpg,0.15665124602663746
228,forest_nat763-130.jpg,0.14271721238392837
229,forest_natc12-83.jpg,0.154804367285115
230,forest_natc13-112.jpg,0.05048246100532633
231,forest_natc4-37.jpg,0.0618037569972935
232,forest_natc49-107.jpg,0.16166171158616582
233,forest_natu161-121.jpg,0.15743563206554792
234,forest_natu163-132.jpg,0.15205965380401165
235,forest_natu164-125.jpg,0.15813230696025884
236,forest_natu18-135.jpg,0.03945602764976465
237,forest_natu2-137.jpg,0.15738086935117934
238,forest_natu325-106.jpg,0.15961538424498928
239,forest_natu423-74.jpg,0.15658827198202246
240,forest_natu425-84.jpg,0.15089121607743697
241,forest_natu430-35.jpg,0.1609823605205586
242,forest_natu441-64.jpg,0.15581349499523642
243,forest_natu634-18.jpg,0.1551568033218397
244,forest_natu723-90.jpg,0.15587476271308245
245,forest_natu794-113.jpg,0.15878415923144423
246,forest_natu860-127.jpg,0.156325843631596
247,forest_natu863-99.jpg,0.15760545685570831
248,forest_natu866-77.jpg,0.09505411193100924
249,forest_natu870-49.jpg,0.15409371829624
250,forest_natu871-100.jpg,0.15750097392688905
251,forest_natu934-136.jpg,0.15816615722017563
252,forest_natu994-28.jpg,0.10736117835850872
253,forest_sclos11-29.jpg,0.1520967717327836
254,forest_sclos13-11.jpg,0.1546318502520311
255,forest_text103-51.jpg,0.1545720715202887
256,forest_text11-67.jpg,0.15851444450498545
257,forest_text111-6.jpg,0.15325646939607446
258,forest_text124-108.jpg,0.15760220471627617
259,forest_text26-133.jpg,0.1592929876682179
260,forest_text35-41.jpg,0.11473574370636834
261,forest_text40-57.jpg,0.1561217005279462
262,forest_text42-65.jpg,0.16153304532859147
263,forest_text43-33.jpg,0.1586528338725667
264,forest_text44-71.jpg,0.1442137555275245
265,forest_text46-115.jpg,0.16163963828354772
266,forest_text47-16.jpg,0.15853381478737977
267,forest_text48-81.jpg,0.16220506974874452
268,forest_text81-96.jpg,0.10341863680818367
269,forest_text90-129.jpg,0.1596128142363836
270,forest_urb753-73.jpg,0.1601166099700006
271,forest_urb767-134.jpg,0.14828717523477306
272,highway_a866042-554.jpg,0.14054018959231043
273,highway_art1134-621.jpg,0.13077161268668486
274,highway_art1673-580.jpg,0.14858368800494015
275,highway_art1674-608.jpg,0.14714219759140665
276,highway_art1696-594.jpg,0.017213923045520954
277,highway_art252-603.jpg,0.1465219698753349
278,highway_art255-562.jpg,0.14400894461218436
279,highway_art563-550.jpg,0.1404874071349824
280,highway_art576-574.jpg,0.12244300474791468
281,highway_art579-584.jpg,0.13562018451133642
282,highway_art608-623.jpg,0.14188299068093796
283,highway_art773-572.jpg,0.15808193159029155
284,highway_art813-609.jpg,0.09553860407727296
285,highway_art820-596.jpg,0.07970289999688164
286,highway_art874-622.jpg,0.1557253123364668
287,highway_bost147-593.jpg,0.15038221548610164
288,highway_bost151-620.jpg,0.14264848915392386
289,highway_bost152-616.jpg,0.14884428336639935
290,highway_bost158-578.jpg,0.14479571743323089
291,highway_bost161-568.jpg,0.15189865407803
292,highway_bost169-564.jpg,0.14647662724768912
293,highway_bost177-552.jpg,0.14919238555640454
294,highway_bost181-548.jpg,0.14809806957419325
295,highway_bost182-551.jpg,0.1479801540841594
296,highway_bost184-604.jpg,0.14511418437218424
297,highway_bost292-617.jpg,0.13816401646125775
298,highway_bost293-581.jpg,0.13941554384884033
299,highway_bost296-611.jpg,0.14014530851108598
300,highway_bost297-579.jpg,0.06773333802311532
301,highway_bost298-540.jpg,0.043516875461657965
302,highway_bost299-586.jpg,0.08759490001267305
303,highway_bost301-598.jpg,0.14650374423906917
304,highway_bost306-576.jpg,0.14490805795128617
305,highway_bost307-577.jpg,0.07287797708303703
306,highway_bost311-547.jpg,0.1536442174360537
307,highway_bost314-587.jpg,0.09750461821103522
308,highway_bost315-602.jpg,0.15078265286104678
309,highway_bost316-570.jpg,0.15031134483662908
310,highway_bost319-536.jpg,0.14430459159873046
311,highway_bost324-563.jpg,0.14246091004007502
312,highway_bost326-618.jpg,0.14810758970079296
313,highway_bost329-590.jpg,0.10586830171054071
314,highway_bost330-541.jpg,0.14502976684251098
315,highway_bost331-600.jpg,0.1395083648687251
316,highway_bost374-539.jpg,0.1326078651100397
317,highway_bost387-559.jpg,0.02181461401559115
318,highway_bost389-615.jpg,0.08384673219931016
319,highway_bost394-545.jpg,0.0953846803803775
320,highway_bost398-610.jpg,0.14915713090496424
321,highway_gre125-619.jpg,0.11588393172102203
322,highway_gre144-560.jpg,0.10189635531937846
323,highway_gre145-556.jpg,0.1357051468053375
324,highway_gre239-573.jpg,0.12981491010939544
325,highway_gre275-575.jpg,0.1413464918078241
326,highway_gre403-555.jpg,0.15243701034913953
327,highway_gre404-542.jpg,0.07508648073459231
328,highway_gre413-597.jpg,0.045295550100690696
329,highway_gre426-571.jpg,0.08725553654830957
330,highway_gre458-567.jpg,0.14894628164658408
331,highway_gre459-614.jpg,0.14457150151404533
332,highway_gre470-558.jpg,0.09708206909176562
333,highway_gre475-592.jpg,0.07162726490829918
334,highway_gre480-612.jpg,0.1516041984228659
335,highway_gre485-566.jpg,0.09855666495815918
336,highway_gre504-588.jpg,0.11226182093899277
337,highway_gre52-613.jpg,0.07354656615422213
338,highway_gre525-605.jpg,0.06553389679240429
339,highway_gre532-544.jpg,0.15143872293882837
340,highway_gre533-538.jpg,0.14920084975659845
341,highway_gre536-565.jpg,0.08892431051867268
342,highway_gre538-585.jpg,0.141830213740468
343,highway_gre55-546.jpg,0.1444660031615131
344,highway_gre644-624.jpg,0.16196952226391098
345,highway_gre645-589.jpg,0.09308588633648347
346,highway_gre656-582.jpg,0.1533491033875348
347,highway_gre657-607.jpg,0.08652896430730052
348,highway_gre680-591.jpg,0.06539539450722288
349,highway_gre684-553.jpg,0.09084476784749397
350,highway_gre685-557.jpg,0.14582653477601967
351,highway_land449-595.jpg,0.14354465308996361
352,highway_land463-599.jpg,0.09858378856463915
353,highway_land464-537.jpg,0.14155229441821576
354,highway_n480023-569.jpg,0.1501953490885298
355,highway_n480070-549.jpg,0.14046676406464248
356,highway_nat542-583.jpg,0.14824644148952912
357,highway_nat543-561.jpg,0.14432127862725563
358,highway_nat546-606.jpg,0.14386126619914708
359,highway_par23-601.jpg,0.15314654655596519
360,highway_urb744-543.jpg,0.0686739921898009
361,insidecity_a0010-530.jpg,0.15025637038052075
362,insidecity_a212024-535.jpg,0.11349254546993115
363,insidecity_a212052-450.jpg,0.06327074051521703
364,insidecity_a385073-477.jpg,0.0853482756251247
365,insidecity_a463022-455.jpg,0.1087558863106453
366,insidecity_a463036-493.jpg,0.03553696045207181
367,insidecity_a463092-520.jpg,0.1586935212897489
368,insidecity_a487026-503.jpg,0.09833588859526625
369,insidecity_a632023-528.jpg,0.1582152729961327
370,insidecity_a855084-444.jpg,0.11674476808240761
371,insidecity_art1037-448.jpg,0.09255429978253196
372,insidecity_art1102-490.jpg,0.0995864933615181
373,insidecity_art1125-443.jpg,0.05118742804041669
374,insidecity_art1135-496.jpg,0.1209450531991513
375,insidecity_art1164-425.jpg,0.09918488682000995
376,insidecity_art1186-474.jpg,0.056307107521072416
377,insidecity_art1231-466.jpg,0.1406421592033586
378,insidecity_art1258-494.jpg,0.10567931096893948
379,insidecity_art1269-487.jpg,0.1552678236214662
380,insidecity_art1277-500.jpg,0.02480814436309978
381,insidecity_art136-482.jpg,0.16105227266368274
382,insidecity_art1363-447.jpg,0.15817625562592436
383,insidecity_art1366-480.jpg,0.06570480573310147
384,insidecity_art1528-427.jpg,0.15044581577181818
385,insidecity_art1586-435.jpg,0.15551723759140748
386,insidecity_art1598-512.jpg,0.08653065710993399
387,insidecity_art1633-436.jpg,0.14988477884645238
388,insidecity_art1664-472.jpg,0.0791593755249911
389,insidecity_art1677-451.jpg,0.15644035447647794
390,insidecity_art551-513.jpg,0.021850127217265005
391,insidecity_art622-473.jpg,0.09141701850845003
392,insidecity_art628-517.jpg,0.05568537953996361
393,insidecity_art641-456.jpg,0.05992886496655328
394,insidecity_art642-467.jpg,0.027755507037791807
395,insidecity_art646-491.jpg,0.10457856878555034
396,insidecity_art666-440.jpg,0.08110216186214066
397,insidecity_art673-475.jpg,0.056633822642380274
398,insidecity_art690-483.jpg,0.152268828799265
399,insidecity_art692-433.jpg,0.15156339270018557
400,insidecity_art695-504.jpg,0.102404086646877
401,insidecity_art700-420.jpg,0.10624077062175363
402,insidecity_art738-525.jpg,0.11441926607380475
403,insidecity_art785-429.jpg,0.1560360074726734
404,insidecity_art786-524.jpg,0.14571950529444738
405,insidecity_art827-479.jpg,0.1512239824487169
406,insidecity_art829-488.jpg,0.15600346940019466
407,insidecity_art831-465.jpg,0.1583323585947044
408,insidecity_art871-497.jpg,0.1043767023122872
409,insidecity_art917-468.jpg,0.0626176183306216
410,insidecity_bost27-470.jpg,0.06727121326770645
411,insidecity_bost29-533.jpg,0.10268857789726718
412,insidecity_bost42-522.jpg,0.10896205382724944
413,insidecity_boston232-426.jpg,0.05857159979455425
414,insidecity_boston282-484.jpg,0.1555418249535883
415,insidecity_boston57-464.jpg,0.1483959584683179
416,insidecity_boston80-430.jpg,0.0888006199861368
417,insidecity_gre19-523.jpg,0.14812354314017082
418,insidecity_gre22-423.jpg,0.09282142965139902
419,insidecity_gre249-495.jpg,0.0287465076459509
420,insidecity_gre270-510.jpg,0.0895687802159263
421,insidecity_gre286-527.jpg,0.15980161312979088
422,insidecity_gre290-431.jpg,0.1394972617359889
423,insidecity_gre303-485.jpg,0.09358944778453679
424,insidecity_gre314-498.jpg,0.04864112710756824
425,insidecity_gre318-462.jpg,0.1513667028397322
426,insidecity_gre511-502.jpg,0.10678963718919791
427,insidecity_gre98-428.jpg,0.15852622788129273
428,insidecity_hous121-449.jpg,0.05879360379450817
429,insidecity_hous13-514.jpg,0.15291971090208917
430,insidecity_hous18-534.jpg,0.1436632128059864
431,insidecity_hous22-531.jpg,0.15645272248770892
432,insidecity_hous28-511.jpg,0.10027722582845237
433,insidecity_hous37-492.jpg,0.10117867737574078
434,insidecity_hous40-454.jpg,0.15380014951239543
435,insidecity_hous50-434.jpg,0.10201786462006421
436,insidecity_hous52-439.jpg,0.04430522447125439
437,insidecity_hous60-509.jpg,0.09765586347676661
438,insidecity_hous83-486.jpg,0.08474475291144992
439,insidecity_hous93-515.jpg,0.15550858572125442
440,insidecity_hous97-461.jpg,0.15573310371960125
441,insidecity_par104-526.jpg,0.16028483994730508
442,insidecity_par181-521.jpg,0.07258705303172348
443,insidecity_par186-499.jpg,0.1039976007476645
444,insidecity_par40-518.jpg,0.04715712376440979
445,insidecity_urb114-519.jpg,0.15429828529406517
446,insidecity_urb121-422.jpg,0.13788022787665236
447,insidecity_urb123-432.jpg,0.10163425913961571
448,insidecity_urb250-489.jpg,0.09299941401164295
449,insidecity_urb254-438.jpg,0.10355987976049241
450,insidecity_urb267-459.jpg,0.15162819339236622
451,insidecity_urb307-516.jpg,0.15602510107342232
452,insidecity_urb322-442.jpg,0.15232250130779026
453,insidecity_urb323-421.jpg,0.11491441320156726
454,insidecity_urb335-469.jpg,0.148246477999796
455,insidecity_urb343-476.jpg,0.09714228726852998
456,insidecity_urb354-445.jpg,0.1557952844611675
457,insidecity_urb359-457.jpg,0.15833873473253818
458,insidecity_urb449-437.jpg,0.09101164526350182
459,insidecity_urb454-424.jpg,0.018543371563014114
460,insidecity_urb515-446.jpg,0.15401800684888806
461,insidecity_urb612-452.jpg,0.06105825886878775
462,insidecity_urb648-532.jpg,0.029044048316317225
463,insidecity_urb656-481.jpg,0.09773457113949216
464,insidecity_urb721-478.jpg,0.15423159232525796
465,insidecity_urb723-507.jpg,0.015262690717118058
466,insidecity_urb728-505.jpg,0.03810907185394063
467,insidecity_urb738-460.jpg,0.1577480153506365
468,insidecity_urb747-501.jpg,0.04989719942141087
469,insidecity_urb801-441.jpg,0.029064030945063386
470,insidecity_urb917-463.jpg,0.03984946974095723
471,insidecity_urb970-508.jpg,0.10683934425724396
472,insidecity_urb981-529.jpg,0.1592130780564451
473,insidecity_urb992-458.jpg,0.16155301726364324
474,insidecity_urba2-453.jpg,0.15502922533586305
475,insidecity_urban1068-506.jpg,0.161221045968643
476,insidecity_urban992-471.jpg,0.15787882177647788
477,mountain_art1132-363.jpg,0.15363984154483074
478,mountain_cdmc187-296.jpg,0.0791451674501958
479,mountain_land13-382.jpg,0.14947010223961196
480,mountain_land131-321.jpg,0.15478024283781502
481,mountain_land132-409.jpg,0.15329680169712467
482,mountain_land145-408.jpg,0.15047874878744247
483,mountain_land150-329.jpg,0.15222454430013507
484,mountain_land153-360.jpg,0.1450103684702075
485,mountain_land172-330.jpg,0.15428371011630226
486,mountain_land179-380.jpg,0.1533244807480974
487,mountain_land180-396.jpg,0.15176979903373
488,mountain_land275-405.jpg,0.1394702465074225
489,mountain_land278-306.jpg,0.15482642466162905
490,mountain_land28-292.jpg,0.1538900941138189
491,mountain_land281-393.jpg,0.15228607503686786
492,mountain_land4-387.jpg,0.15430800228930883
493,mountain_land471-302.jpg,0.14709263377685974
494,mountain_land475-354.jpg,0.06417162285297057
495,mountain_land763-416.jpg,0.15762281111727783
496,mountain_land780-406.jpg,0.14450610693218938
497,mountain_land787-381.jpg,0.15686395442042228
498,mountain_land879-308.jpg,0.13815019990497066
499,mountain_land886-413.jpg,0.14908104076981538
500,mountain_moun1-347.jpg,0.14345174770192676
501,mountain_moun14-378.jpg,0.05389092134642831
502,mountain_moun32-401.jpg,0.14109877985712543
503,mountain_n18022-367.jpg,0.07328547051609004
504,mountain_n18039-383.jpg,0.14886800509254167
505,mountain_n18058-358.jpg,0.1337144883198123
506,mountain_n199004-415.jpg,0.10070596926262586
507,mountain_n199015-356.jpg,0.14887587742822342
508,mountain_n199031-294.jpg,0.14453078249142695
509,mountain_n199074-412.jpg,0.064123523051309
510,mountain_n199075-348.jpg,0.05994034433412696
511,mountain_n213041-390.jpg,0.15476311147299004
512,mountain_n213056-339.jpg,0.15247259979041086
513,mountain_n213081-337.jpg,0.15434153182063892
514,mountain_n213092-361.jpg,0.15417506471276285
515,mountain_n213093-419.jpg,0.1530096668637902
516,mountain_n213094-353.jpg,0.15339671446694778
517,mountain_n213095-338.jpg,0.1559964087436327
518,mountain_n213097-392.jpg,0.15303211451038387
519,mountain_n255008-311.jpg,0.13781815038473846
520,mountain_n266018-410.jpg,0.1533045668948163
521,mountain_n266020-373.jpg,0.1529338775118473
522,mountain_n295042-300.jpg,0.14920938521640856
523,mountain_n344028-340.jpg,0.15213848267556881
524,mountain_n344032-404.jpg,0.13527874014942057
525,mountain_n344059-369.jpg,0.15080376520752906
526,mountain_n344076-328.jpg,0.1469149834588071
527,mountain_n344080-352.jpg,0.15232940720353383
528,mountain_n344082-295.jpg,0.1537571309104252
529,mountain_n347078-371.jpg,0.13742768650949524
530,mountain_n371071-418.jpg,0.15036898661601034
531,mountain_n405055-301.jpg,0.1506669496502213
532,mountain_n44031-376.jpg,0.14529665422334243
533,mountain_n480098-327.jpg,0.15291749266235966
534,mountain_n510071-336.jpg,0.15291016226624082
535,mountain_n531080-333.jpg,0.15086200437313618
536,mountain_n603040-368.jpg,0.14853239044547079
537,mountain_n736026-325.jpg,0.15677126157906746
538,mountain_n736029-316.jpg,0.148841797052378
539,mountain_n841058-417.jpg,0.15440736925188986
540,mountain_n841059-388.jpg,0.09576062582518975
541,mountain_n841060-320.jpg,0.15532885120100137
542,mountain_nat1003-391.jpg,0.15246453368030735
543,mountain_nat1008-377.jpg,0.15714751450336842
544,mountain_nat1046-397.jpg,0.14517257916176154
545,mountain_nat1062-366.jpg,0.15490651564823402
546,mountain_nat1084-323.jpg,0.09785554240565343
547,mountain_nat11-398.jpg,0.15223441226910964
548,mountain_nat1114-334.jpg,0.1510073809477119
549,mountain_nat117-402.jpg,0.14512859682149298
550,mountain_nat199-318.jpg,0.15150885521323237
551,mountain_nat25-322.jpg,0.14492564163501956
552,mountain_nat332-298.jpg,0.1484706233444758
553,mountain_nat340-362.jpg,0.14733245851571874
554,mountain_nat426-364.jpg,0.15399769355181595
555,mountain_nat43-331.jpg,0.15463214197830963
556,mountain_nat433-310.jpg,0.15089381826867762
557,mountain_nat445-395.jpg,0.15660170030004214
558,mountain_nat53-307.jpg,0.1358689264145527
559,mountain_nat54-344.jpg,0.15120770253659654
560,mountain_nat57-355.jpg,0.15362542325500703
561,mountain_nat59-313.jpg,0.15049371383695997
562,mountain_nat67-384.jpg,0.15416958445093118
563,mountain_nat681-346.jpg,0.14901669831764283
564,mountain_nat682-379.jpg,0.15455860514282824
565,mountain_nat686-375.jpg,0.15028004285943922
566,mountain_nat693-317.jpg,0.14396880182119626
567,mountain_nat74-343.jpg,0.1475495630683533
568,mountain_nat752-370.jpg,0.1475335297273691
569,mountain_nat758-299.jpg,0.1514034785722979
570,mountain_nat760-400.jpg,0.1548760302888326
571,mountain_nat762-319.jpg,0.14980787220481473
572,mountain_nat801-326.jpg,0.14885498442819367
573,mountain_nat82-351.jpg,0.15299356667479308
574,mountain_nat826-411.jpg,0.15631377626884113
575,mountain_nat876-293.jpg,0.06969836790561965
576,mountain_nat891-332.jpg,0.15758326269686224
577,mountain_nat91-365.jpg,0.15123589825530243
578,mountain_nat99-297.jpg,0.15463875800712953
579,mountain_natu102-399.jpg,0.15450917417981805
580,mountain_natu461-345.jpg,0.1553808903711699
581,mountain_natu466-303.jpg,0.1548337035714509
582,mountain_natu568-304.jpg,0.14518469883061766
583,mountain_natu668-414.jpg,0.09324803142569943
584,mountain_natu687-315.jpg,0.1483873128168698
585,mountain_natu697-374.jpg,0.14333736324971338
586,mountain_natu750-386.jpg,0.15774389549061696
587,mountain_natu756-359.jpg,0.1566823539611196
588,mountain_natu762-403.jpg,0.1523744797468012
589,mountain_natu763-335.jpg,0.1515551755858994
590,mountain_natu766-324.jpg,0.1567319118099614
591,mountain_sclos4-309.jpg,0.1527050591277854
592,mountain_sharp18-385.jpg,0.15435056709766728
593,mountain_sharp42-349.jpg,0.15531329542425776
594,mountain_sharp43-389.jpg,0.15545510284602643
595,mountain_sharp44-350.jpg,0.15813650578933836
596,mountain_sharp45-342.jpg,0.1581012618184334
597,mountain_sharp46-357.jpg,0.1515136146739896
598,mountain_sharp54-372.jpg,0.15342848021748698
599,mountain_sharp63-407.jpg,0.1576655096913942
600,mountain_sharp70-305.jpg,0.15801905933826632
601,mountain_sharp78-341.jpg,0.14965976283841684
602,mountain_sharp92-314.jpg,0.15807409764811156
603,mountain_ski61-312.jpg,0.1594510508439269
604,mountain_sopen24-394.jpg,0.158248638195465
605,opencountry_art582-232.jpg,0.061934747578666384
606,opencountry_cdmc276-195.jpg,0.14378066039250922
607,opencountry_cdmc518-156.jpg,0.06404972768973949
608,opencountry_cdmc753-170.jpg,0.1185966940003419
609,opencountry_cdmc935-218.jpg,0.05941254103365974
610,opencountry_fie13-271.jpg,0.0915744930087969
611,opencountry_fie14-151.jpg,0.13618975472504505
612,opencountry_fie20-243.jpg,0.1387546570613326
613,opencountry_fie21-209.jpg,0.03155104230627436
614,opencountry_fie28-277.jpg,0.13996924579190306
615,opencountry_fie30-212.jpg,0.14175469526452653
616,opencountry_fie6-269.jpg,0.06219963677762668
617,opencountry_fie7-187.jpg,0.14226049484262698
618,opencountry_fie8-200.jpg,0.09322119043695143
619,opencountry_land147-253.jpg,0.09952414157307289
620,opencountry_land202-201.jpg,0.0985962532820996
621,opencountry_land233-174.jpg,0.07865118026676864
622,opencountry_land238-255.jpg,0.14840627105132922
623,opencountry_land269-291.jpg,0.13749416643363513
624,opencountry_land271-145.jpg,0.1604427977808098
625,opencountry_land276-181.jpg,0.14854542372088247
626,opencountry_land290-227.jpg,0.09118091175780267
627,opencountry_land291-147.jpg,0.1353606091586569
628,opencountry_land295-236.jpg,0.14183662913717227
629,opencountry_land345-216.jpg,0.1376615478571483
630,opencountry_land350-230.jpg,0.14448042641317563
631,opencountry_land351-224.jpg,0.1484620600474863
632,opencountry_land352-257.jpg,0.1008238200504829
633,opencountry_land359-198.jpg,0.13969075610433854
634,opencountry_land364-284.jpg,0.14133616958497267
635,opencountry_land381-179.jpg,0.14243479020910382
636,opencountry_land406-239.jpg,0.057005044585093374
637,opencountry_land41-214.jpg,0.06965113260703322
638,opencountry_land494-247.jpg,0.09561831419018013
639,opencountry_land501-175.jpg,0.1475598077487098
640,opencountry_land505-215.jpg,0.13761038403255926
641,opencountry_land507-199.jpg,0.1400819970544269
642,opencountry_land525-152.jpg,0.15743394346696643
643,opencountry_land534-287.jpg,0.14224237929202596
644,opencountry_land545-177.jpg,0.08125764417545321
645,opencountry_land555-250.jpg,0.14471923784808702
646,opencountry_land565-138.jpg,0.15959622210043073
647,opencountry_land577-267.jpg,0.12729986622517747
648,opencountry_land605-196.jpg,0.06941949393463001
649,opencountry_land606-204.jpg,0.16380229285123385
650,opencountry_land617-189.jpg,0.14554278645412574
651,opencountry_land618-262.jpg,0.10405719282573221
652,opencountry_land638-280.jpg,0.09716188438768338
653,opencountry_land640-242.jpg,0.1420345104634428
654,opencountry_land643-274.jpg,0.1428734074643926
655,opencountry_land658-139.jpg,0.14649616422886036
656,opencountry_land659-235.jpg,0.1531261807153765
657,opencountry_land662-221.jpg,0.10199960949593144
658,opencountry_land663-194.jpg,0.14360838636626622
659,opencountry_land666-205.jpg,0.06365312551005567
660,opencountry_land669-173.jpg,0.15967272898794646
661,opencountry_land687-238.jpg,0.049234519043759584
662,opencountry_land689-190.jpg,0.06931955761008485
663,opencountry_land692-229.jpg,0.14354944823078095
664,opencountry_land694-219.jpg,0.11141749583043935
665,opencountry_land701-168.jpg,0.09167892235579307
666,opencountry_land732-256.jpg,0.1588413777278281
667,opencountry_land764-282.jpg,0.07083998672037621
668,opencountry_land797-176.jpg,0.10143466028036992
669,opencountry_land817-184.jpg,0.10297815665800754
670,opencountry_land823-241.jpg,0.10352392154817407
671,opencountry_land825-228.jpg,0.14348357861105135
672,opencountry_land829-202.jpg,0.10165273771740477
673,opencountry_land833-265.jpg,0.14140169191328783
674,opencountry_land835-246.jpg,0.05216693530187848
675,opencountry_land891-206.jpg,0.14728465154257944
676,opencountry_land911-178.jpg,0.13575472667272281
677,opencountry_land952-286.jpg,0.1575705216988891
678,opencountry_land956-259.jpg,0.15420285863553
679,opencountry_land965-231.jpg,0.10720685843117285
680,opencountry_moun21-258.jpg,0.15500948713939552
681,opencountry_n18011-225.jpg,0.13666858334064858
682,opencountry_n18073-288.jpg,0.14390047915279866
683,opencountry_n18080-158.jpg,0.05038409984935234
684,opencountry_n213061-188.jpg,0.10043594873630726
685,opencountry_n251011-149.jpg,0.14709054973742908
686,opencountry_n251016-164.jpg,0.14323967464268206
687,opencountry_n291048-210.jpg,0.09610682577414938
688,opencountry_n291050-213.jpg,0.12904355289402158
689,opencountry_n291058-183.jpg,0.11638301290571694
690,opencountry_n291082-266.jpg,0.13863027906751033
691,opencountry_n295006-276.jpg,0.14592303062504752
692,opencountry_n295046-163.jpg,0.14391806924440645
693,opencountry_n371053-279.jpg,0.08465303607277107
694,opencountry_n371054-153.jpg,0.10814722910523415
695,opencountry_n371057-244.jpg,0.1462408330468832
696,opencountry_n371061-165.jpg,0.04869983884199303
697,opencountry_n371070-211.jpg,0.1471907539535854
698,opencountry_n490070-169.jpg,0.0784616338006443
699,opencountry_nat1113-172.jpg,0.10534530931632906
700,opencountry_nat1183-264.jpg,0.14127064959090255
701,opencountry_nat125-226.jpg,0.08978370259686985
702,opencountry_nat1263-278.jpg,0.06618128448841651
703,opencountry_nat150-160.jpg,0.10905832584816245
704,opencountry_nat164-245.jpg,0.15970294057539508
705,opencountry_nat423-275.jpg,0.06092909509456325
706,opencountry_nat446-182.jpg,0.15551430098712446
707,opencountry_nat455-162.jpg,0.11164941703309793
708,opencountry_nat457-197.jpg,0.14762819399903643
709,opencountry_nat654-154.jpg,0.14815231268504755
710,opencountry_nat731-159.jpg,0.1544807619762906
711,opencountry_nat733-252.jpg,0.04630091700949641
712,opencountry_nat811-144.jpg,0.09695250492798611
713,opencountry_nat823-141.jpg,0.16134227761883374
714,opencountry_nat834-251.jpg,0.09236078079144931
715,opencountry_nat896-203.jpg,0.14590819085158185
716,opencountry_nat920-248.jpg,0.1504121088636727
717,opencountry_nat932-261.jpg,0.14796140705519156
718,opencountry_natu100-260.jpg,0.10372457066883581
719,opencountry_natu136-167.jpg,0.1463592705774005
720,opencountry_natu138-155.jpg,0.13620865112068947
721,opencountry_natu181-186.jpg,0.16366362301006984
722,opencountry_natu183-254.jpg,0.15801003168493746
723,opencountry_natu503-185.jpg,0.08671309166217027
724,opencountry_natu51-223.jpg,0.08778517484907304
725,opencountry_natu529-272.jpg,0.03111214984429264
726,opencountry_natu532-217.jpg,0.0229786337914144
727,opencountry_natu539-146.jpg,0.13862742191395233
728,opencountry_natu541-220.jpg,0.04176583892755423
729,opencountry_natu559-281.jpg,0.1485354757594802
730,opencountry_natu574-289.jpg,0.14874719171206272
731,opencountry_natu588-234.jpg,0.09715969082472004
732,opencountry_natu594-148.jpg,0.09637119721963333
733,opencountry_natu600-233.jpg,0.10227705800194567
734,opencountry_natu622-166.jpg,0.04063565709725586
735,opencountry_natu647-142.jpg,0.16293103069442816
736,opencountry_natu709-191.jpg,0.15906217887507407
737,opencountry_natu726-283.jpg,0.054091951456654894
738,opencountry_natu734-143.jpg,0.13486189794191153
739,opencountry_natu739-140.jpg,0.054363432387751924
740,opencountry_natu77-150.jpg,0.1655927916380197
741,opencountry_natu790-268.jpg,0.15715353937374177
742,opencountry_natu83-208.jpg,0.09960859580245918
743,opencountry_natu832-270.jpg,0.09263901371137274
744,opencountry_natu864-157.jpg,0.10251044493888063
745,opencountry_natu885-222.jpg,0.15624198094010353
746,opencountry_natu89-161.jpg,0.08432618212767083
747,opencountry_natu932-193.jpg,0.05100626557931718
748,opencountry_natu979-207.jpg,0.15546249821082805
749,opencountry_open37-171.jpg,0.03479204520395252
750,opencountry_open47-285.jpg,0.15115879732955262
751,opencountry_open53-263.jpg,0.14365367840854154
752,opencountry_open55-237.jpg,0.1150708597019707
753,opencountry_open61-192.jpg,0.15525616015202823
754,opencountry_osun12-273.jpg,0.13758119140770947
755,opencountry_sclos18-180.jpg,0.12204593768811918
756,opencountry_sclos30-249.jpg,0.15413759563281354
757,opencountry_sopen15-240.jpg,0.07098916525508533
758,opencountry_tell59-290.jpg,0.10076662080366673
759,street_a79094-916.jpg,0.06915270718356312
760,street_a805038-998.jpg,0.15772255254713438
761,street_art1187-966.jpg,0.09756193002919153
762,street_art1686-953.jpg,0.08556922558615655
763,street_art256-940.jpg,0.10112844907278226
764,street_art546-923.jpg,0.16039226007001872
765,street_art760-925.jpg,0.16134694111183148
766,street_art761-946.jpg,0.10579237308053818
767,street_art762-912.jpg,0.05861305121223192
768,street_art764-915.jpg,0.0687874619859487
769,street_art771-895.jpg,0.158866027210921
770,street_art775-904.jpg,0.16367379734941132
771,street_art779-981.jpg,0.15314545772969723
772,street_art838-987.jpg,0.10571097388159736
773,street_artc14-969.jpg,0.16148663648133715
774,street_artc27-996.jpg,0.06646675271533602
775,street_bost121-902.jpg,0.06059658999251248
776,street_bost45-980.jpg,0.10091541603989214
777,street_bost46-959.jpg,0.10281640509320344
778,street_bost72-907.jpg,0.15971138841982788
779,street_bost76-937.jpg,0.10938631248353829
780,street_bost81-950.jpg,0.1019536193530023
781,street_bost89-890.jpg,0.15979078106459152
782,street_boston1-942.jpg,0.15065100246813587
783,street_boston21-970.jpg,0.11754181506178318
784,street_boston241-932.jpg,0.0793225624365882
785,street_boston271-898.jpg,0.1602436606638793
786,street_boston272-891.jpg,0.028648923806437583
787,street_boston289-978.jpg,0.07582370124627173
788,street_boston351-984.jpg,0.10841249785876203
789,street_boston353-952.jpg,0.10065417340504527
790,street_boston360-947.jpg,0.1385014049002976
791,street_boston378-955.jpg,0.15914829964526445
792,street_boston379-910.jpg,0.05492777242944995
793,street_boston408-997.jpg,0.1094100306334421
794,street_boston61-962.jpg,0.10301910692010013
795,street_enc15-975.jpg,0.15525508244034858
796,street_gre115-913.jpg,0.06401621460986621
797,street_gre122-894.jpg,0.15868807257603343
798,street_gre126-909.jpg,0.15842520138231486
799,street_gre128-967.jpg,0.08765036704433944
800,street_gre130-999.jpg,0.10159302094266237
801,street_gre131-956.jpg,0.10073356547966564
802,street_gre160-958.jpg,0.06841469482313929
803,street_gre179-927.jpg,0.06787982856233486
804,street_gre189-924.jpg,0.15578455433480703
805,street_gre191-982.jpg,0.15694128388959983
806,street_gre193-983.jpg,0.1593242696101232
807,street_gre251-919.jpg,0.15333098923802274
808,street_gre86-938.jpg,0.04804370252575154
809,street_gre95-934.jpg,0.16166312589342857
810,street_hexp17-911.jpg,0.16195574092796347
811,street_hexp23-914.jpg,0.11385279329690133
812,street_hexp30-943.jpg,0.09866117229722114
813,street_land767-918.jpg,0.10435056190925573
814,street_par100-972.jpg,0.16417275151056632
815,street_par101-908.jpg,0.0482060585214477
816,street_par113-939.jpg,0.12116709348254061
817,street_par118-985.jpg,0.0943190452962214
818,street_par120-899.jpg,0.11261853061261366
819,street_par14-930.jpg,0.16536542971711804
820,street_par151-974.jpg,0.1667542368692683
821,street_par153-893.jpg,0.1650582270677817
822,street_par155-900.jpg,0.1648677031397978
823,street_par156-903.jpg,0.10783146869309596
824,street_par161-892.jpg,0.07420433561702167
825,street_par165-957.jpg,0.1658009278883177
826,street_par169-929.jpg,0.1655741495300955
827,street_par177-948.jpg,0.10647996789984923
828,street_par178-935.jpg,0.1641279972064334
829,street_par198-960.jpg,0.1622988476573972
830,street_par203-936.jpg,0.11985268250806656
831,street_par21-990.jpg,0.15962748075164673
832,street_par22-977.jpg,0.10654764243344834
833,street_par28-906.jpg,0.07919121461168521
834,street_par33-979.jpg,0.1642771506909503
835,street_par5-917.jpg,0.09602755160806138
836,street_par54-945.jpg,0.09256615062850079
837,street_par59-986.jpg,0.15921050209911203
838,street_par68-988.jpg,0.158198194684852
839,street_par72-991.jpg,0.1543977529208503
840,street_par76-951.jpg,0.060152383299446575
841,street_par78-920.jpg,0.07499313657729945
842,street_par79-994.jpg,0.1535261497780195
843,street_par81-954.jpg,0.10804423424674969
844,street_par84-944.jpg,0.16488451389016412
845,street_par86-973.jpg,0.10570144331145136
846,street_par87-995.jpg,0.09122695113081984
847,street_par90-949.jpg,0.09299059431313016
848,street_par91-993.jpg,0.11362501224854406
849,street_par93-896.jpg,0.1635959450984703
850,street_par94-989.jpg,0.1641339029056066
851,street_street110-971.jpg,0.1637733392769642
852,street_street27-931.jpg,0.08645279251771185
853,street_street47-897.jpg,0.1484927977981601
854,street_street50-905.jpg,0.03504328613375447
855,street_street59-922.jpg,0.16249778170667423
856,street_urb104-941.jpg,0.08793685304308183
857,street_urb305-976.jpg,0.15942576954429072
858,street_urb332-933.jpg,0.14332334279468123
859,street_urb521-926.jpg,0.09619127312682134
860,street_urb693-901.jpg,0.07689614661715582
861,street_urb798-964.jpg,0.09756791091722095
862,street_urb805-965.jpg,0.16137449435967122
863,street_urb837-928.jpg,0.11040851460735422
864,street_urb848-961.jpg,0.16135628682554778
865,street_urb866-963.jpg,0.06998741468557326
866,street_urb885-992.jpg,0.11095320829140763
867,street_urb927-921.jpg,0.16256039485960216
868,street_urban951-968.jpg,0.16007695875739825
869,tallbuilding_a212017-824.jpg,0.1563659524522331
870,tallbuilding_a212018-876.jpg,0.0806929931958994
871,tallbuilding_a212026-860.jpg,0.16054212416542418
872,tallbuilding_a212033-812.jpg,0.16253262628744564
873,tallbuilding_a212044-840.jpg,0.06957127397474962
874,tallbuilding_a223039-783.jpg,0.15863418011233935
875,tallbuilding_a244030-854.jpg,0.15756814820136048
876,tallbuilding_a244069-849.jpg,0.11141742785117904
877,tallbuilding_a438011-817.jpg,0.15949013441565768
878,tallbuilding_a462093-828.jpg,0.1610912212610709
879,tallbuilding_a484066-866.jpg,0.144252956066451
880,tallbuilding_a487041-883.jpg,0.15802432760596286
881,tallbuilding_a487049-759.jpg,0.1563689071259867
882,tallbuilding_a487053-888.jpg,0.16217457678684097
883,tallbuilding_a487070-779.jpg,0.1570625169996243
884,tallbuilding_a487086-867.jpg,0.16254381995634562
885,tallbuilding_a487087-861.jpg,0.16026151264816918
886,tallbuilding_a487092-809.jpg,0.16165247524623266
887,tallbuilding_a526065-803.jpg,0.0658928613575338
888,tallbuilding_a526079-822.jpg,0.1017959146054592
889,tallbuilding_a632016-887.jpg,0.11103454263230189
890,tallbuilding_a636015-845.jpg,0.16224105889066745
891,tallbuilding_a803053-829.jpg,0.16373486853953986
892,tallbuilding_a804050-776.jpg,0.16047112788367426
893,tallbuilding_a805044-830.jpg,0.051352110481372885
894,tallbuilding_a805085-881.jpg,0.16079447335723
895,tallbuilding_a806011-766.jpg,0.06713171631191103
896,tallbuilding_a806016-832.jpg,0.0779015838649807
897,tallbuilding_a808015-884.jpg,0.15290383295926413
898,tallbuilding_a808075-805.jpg,0.16194732459806055
899,tallbuilding_a812069-855.jpg,0.15815518982185586
900,tallbuilding_archi28-848.jpg,0.14823504291490397
901,tallbuilding_archi317-813.jpg,0.14784874853851854
902,tallbuilding_archi337-778.jpg,0.15817243696944921
903,tallbuilding_archi611-771.jpg,0.1560970800425488
904,tallbuilding_archi629-764.jpg,0.1630741336889925
905,tallbuilding_archi67-796.jpg,0.15804180818749003
906,tallbuilding_archi85-808.jpg,0.15481253929436206
907,tallbuilding_art1004-851.jpg,0.1545005329515766
908,tallbuilding_art1011-878.jpg,0.10096235120079836
909,tallbuilding_art1017-780.jpg,0.16019606055937563
910,tallbuilding_art106-874.jpg,0.08236690710094086
911,tallbuilding_art1228-814.jpg,0.15365249914036508
912,tallbuilding_art1352-858.jpg,0.15438852287398847
913,tallbuilding_art1357-807.jpg,0.15795870834633072
914,tallbuilding_art1370-868.jpg,0.09511174731999403
915,tallbuilding_art1390-789.jpg,0.11212590693701881
916,tallbuilding_art1481-842.jpg,0.09478932988627563
917,tallbuilding_art1538-798.jpg,0.12926914517502255
918,tallbuilding_art1558-799.jpg,0.10681626645381065
919,tallbuilding_art1589-837.jpg,0.04451639456983408
920,tallbuilding_art1593-872.jpg,0.1071299966325479
921,tallbuilding_art1616-886.jpg,0.09337147146002893
922,tallbuilding_art1618-841.jpg,0.1548454922203307
923,tallbuilding_art1619-816.jpg,0.15818197742589987
924,tallbuilding_art1707-769.jpg,0.1520241487519648
925,tallbuilding_art1708-763.jpg,0.15828194053529532
926,tallbuilding_art1712-833.jpg,0.15589237647212717
927,tallbuilding_art1713-815.jpg,0.14959794089255146
928,tallbuilding_art1718-834.jpg,0.15730813908741398
929,tallbuilding_art1720-801.jpg,0.11711459860463398
930,tallbuilding_art1732-770.jpg,0.15681421874843837
931,tallbuilding_art1750-794.jpg,0.1633141949032574
932,tallbuilding_art1751-760.jpg,0.16211562608403135
933,tallbuilding_art1754-823.jpg,0.15940825015306473
934,tallbuilding_art1756-820.jpg,0.07606141646257326
935,tallbuilding_art218-856.jpg,0.10797527315431636
936,tallbuilding_art221-819.jpg,0.14486535308203247
937,tallbuilding_art326-792.jpg,0.16087773255871152
938,tallbuilding_art332-768.jpg,0.04574272318955908
939,tallbuilding_art352-795.jpg,0.07165232366019504
940,tallbuilding_art391-793.jpg,0.06820149620323215
941,tallbuilding_art424-767.jpg,0.07157148331637835
942,tallbuilding_art426-871.jpg,0.15244071677327153
943,tallbuilding_art430-810.jpg,0.03924711445015957
944,tallbuilding_art442-818.jpg,0.11737494986566271
945,tallbuilding_art446-797.jpg,0.09874794138688911
946,tallbuilding_art457-847.jpg,0.07088989903053741
947,tallbuilding_art473-835.jpg,0.15440496503727325
948,tallbuilding_art523-781.jpg,0.16287621679578854
949,tallbuilding_art528-889.jpg,0.16052672618157834
950,tallbuilding_art554-786.jpg,0.15565532416105268
951,tallbuilding_art733-826.jpg,0.09680152358916222
952,tallbuilding_art853-846.jpg,0.07995432622719396
953,tallbuilding_art854-831.jpg,0.16018976218093553
954,tallbuilding_art899-852.jpg,0.1582904798663907
955,tallbuilding_art900-800.jpg,0.07523171639486263
956,tallbuilding_bost341-838.jpg,0.10330078551848483
957,tallbuilding_bost390-761.jpg,0.15935699432748493
958,tallbuilding_boston210-773.jpg,0.16080690187758362
959,tallbuilding_city22-827.jpg,0.10194550813394097
960,tallbuilding_city31-804.jpg,0.06215796907863083
961,tallbuilding_city32-865.jpg,0.15587502450350926
962,tallbuilding_city4-787.jpg,0.09407312915121245
963,tallbuilding_city41-859.jpg,0.1012912163754807
964,tallbuilding_city5-802.jpg,0.1638446866983522
965,tallbuilding_city50-844.jpg,0.11210859838141585
966,tallbuilding_city70-875.jpg,0.15628891876421688
967,tallbuilding_city83-782.jpg,0.15969514266665982
968,tallbuilding_natu472-772.jpg,0.16402210489490707
969,tallbuilding_sky13-788.jpg,0.10927632484589404
970,tallbuilding_sky43-791.jpg,0.16189797993441996
971,tallbuilding_urb159-857.jpg,0.10477893770645708
972,tallbuilding_urb246-785.jpg,0.16122713257118196
973,tallbuilding_urb325-885.jpg,0.11229628946246274
974,tallbuilding_urb390-879.jpg,0.10362777537946491
975,tallbuilding_urb731-765.jpg,0.16131217207610477
976,tallbuilding_urb777-864.jpg,0.16056839215879218
977,tallbuilding_urb923-873.jpg,0.06917341673771162
978,tallbuilding_urb974-863.jpg,0.15497858641951953
979,tallbuilding_urban1028-882.jpg,0.15665866710245613
980,tallbuilding_urban1048-880.jpg,0.08849554637011998
981,tallbuilding_urban1057-825.jpg,0.1319318340009168
982,tallbuilding_urban1059-806.jpg,0.16311986509220758
983,tallbuilding_urban1081-790.jpg,0.16264443682347762
984,tallbuilding_urban1193-774.jpg,0.16299073030176944
985,tallbuilding_urban1210-853.jpg,0.1607524710690398
986,tallbuilding_urban158-843.jpg,0.1630587361604388
987,tallbuilding_urban16-862.jpg,0.16398880403169377
988,tallbuilding_urban28-850.jpg,0.1631879948828275
989,tallbuilding_urban45-836.jpg,0.09446234304039472
990,tallbuilding_urban596-762.jpg,0.10195917120500057
991,tallbuilding_urban649-775.jpg,0.16067698868285762
992,tallbuilding_urban693-839.jpg,0.11421987706783815
993,tallbuilding_urban73-870.jpg,0.09284917991193001
994,tallbuilding_urban732-821.jpg,0.10124859431515916
995,tallbuilding_urban787-869.jpg,0.11710558048809842
996,tallbuilding_urban846-777.jpg,0.1546022629269045
997,tallbuilding_urban979-811.jpg,0.15652702629244383
998,tallbuilding_urban983-877.jpg,0.15838730362827294
999,tallbuilding_urban987-784.jpg,0.16570837304605826
