template_id	audio_file	taxon_id	x1	x2	y1	y2
5	MRG18_20180617_161701_1.mp3	MX.32214	18.55	20.526	2875.0	7500.0
6	MRG02_20180625_091414_1.mp3	MX.32214	42.81	43.246	2750.0	6625.0
7	MRG18_20180617_161701_1.mp3	MX.32214	18.65	19.106	3000.0	7312.5
8	HLO03_20180517_042858_12.mp3	MX.32214	39.93	40.336	4187.5	7562.5
9	HLO03_20180517_042858_12.mp3	MX.32214	16.46	16.686	6062.5	7937.5
10	MRG02_20180625_091414_1.mp3	MX.32214	29.81	30.936	2750.0	6875.0
11	MRG18_20180528_064254_3.mp3	MX.32214	45.3	45.746	2250.0	4375.0
12	MRG02_20180625_091414_1.mp3	MX.32214	42.81	43.246	2750.0	6625.0
13	MRG02_20180625_091414_1.mp3	MX.32214	23.03	23.536	2937.5	6500.0
14	MRG02_20180625_091414_1.mp3	MX.32214	22.34	23.576	2875.0	6250.0
15	MRG15_20180530_041934_10.mp3	MX.32214	58.85	59.316	2375.0	4812.5
16	MRG24_20180520_000000_524.mp3	MX.32214	42.07	42.476	2437.5	5437.5
17	HLO12_20180511_150153_42.mp3	MX.32214	18.28	18.786	4875.0	6875.0
18	HLO12_20180511_150153_42.mp3	MX.32214	45.58	46.256	2375.0	5187.5
19	HLO12_20180511_150153_42.mp3	MX.32214	47.39	48.096	4500.0	5437.5
20	HLO12_20180511_150153_42.mp3	MX.32214	49.17	49.826	4937.5	5687.5
21	HLO12_20180511_150153_42.mp3	MX.32214	50.48	50.716	2937.5	4375.0
22	MRG18_20180617_161701_1.mp3	MX.32214	19.96	20.196	2750.0	6437.5
23	HLO08_20180520_071503_18.mp3	MX.26299	38.53	38.816	437.5	3062.5
26	MRG22_20180512_000000_354.mp3	MX.36287	22.64	23.126	3687.5	5937.5
27	HLO06_20180604_035329_42.mp3	MX.36287	23.66	24.356	3000.0	7625.0
29	HLO04_20180617_055200_9.mp3	MX.36287	21.94	22.206	3812.5	5812.5
31	MRG22_20180512_000000_354.mp3	MX.36287	20.25	20.936	3250.0	5625.0
33	HLO15_20180603_191615_52.mp3	MX.34616	17.68	18.106	6937.5	7875.0
34	HLO15_20180603_191615_52.mp3	MX.34616	33.68	34.236	6875.0	8000.0
35	HLO13_20180604_042825_53.mp3	MX.34616	32.45	32.716	6875.0	7375.0
36	HLO11_20180609_050857_22.mp3	MX.34616	3.15	4.036	4750.0	7312.5
37	HLO15_20180525_041230_51.mp3	MX.34616	34.86	36.886	4562.5	7312.5
38	HLO15_20180525_041230_51.mp3	MX.34616	53.13	54.336	4562.5	7500.0
39	HLO15_20180525_041230_51.mp3	MX.34616	54.33	55.496	4250.0	7687.5
40	HLO11_20180609_050857_22.mp3	MX.34616	2.54	3.136	4500.0	7750.0
41	MRG01_20180519_000000_285.mp3	MX.27911	33.06	33.876	187.5	875.0
42	HLO07_20180611_195511_2.mp3	MX.27911	14.75	15.816	250.0	812.5
43	HLO07_20180611_195511_2.mp3	MX.27911	14.76	17.286	250.0	750.0
44	HLO07_20180611_195511_2.mp3	MX.27911	18.68	19.536	125.0	875.0
45	HLO13_20180515_110606_22.mp3	MX.27911	18.89	20.336	187.5	875.0
46	HLO01_20180607_040146_16.mp3	MX.27911	15.91	18.036	125.0	1062.5
47	HLO01_20180607_040146_16.mp3	MX.27911	28.86	29.926	125.0	750.0
50	MRG22_20180624_144644_4.mp3	MX.37178	3.93	4.256	375.0	2125.0
51	HLO08_20180512_052111_17.mp3	MX.73566	36.15	36.476	437.5	2125.0
53	HLO13_20180524_061947_47.mp3	MX.27774	32.64	33.496	1437.5	2875.0
54	HLO01_20180517_051304_36.mp3	MX.28715	27.94	28.786	312.5	875.0
55	HLO01_20180517_051304_36.mp3	MX.28715	26.95	27.326	375.0	687.5
56	HLO01_20180517_051304_36.mp3	MX.28715	26.56	26.946	500.0	812.5
57	HLO15_20180522_121230_38.mp3	MX.34574	58.83	59.116	3812.5	8000.0
59	HLO05_20180513_111714_16.mp3	MX.34574	45.17	45.576	5250.0	7437.5
60	HLO16_20180605_170201_43.mp3	MX.34574	38.9	39.376	3062.5	5437.5
61	MRG16_20180514_000000_786.mp3	MX.34574	5.19	5.726	5000.0	7000.0
62	HLO08_20180510_042110_29.mp3	MX.34574	13.01	14.176	5000.0	7750.0
64	HLO08_20180510_042110_29.mp3	MX.34574	13.53	14.106	4937.5	5937.5
65	HLO08_20180510_042110_29.mp3	MX.34574	13.01	14.176	5000.0	7750.0
67	HLO09_20180521_050227_39.mp3	MX.30443	45.78	46.016	2687.5	7687.5
68	HLO10_20180521_205024_57.mp3	MX.30443	23.41	23.636	1312.5	7937.5
69	HLO09_20180514_210803_1.mp3	MX.30443	51.71	52.226	562.5	2312.5
70	HLO08_20180512_062110_7.mp3	MX.30443	8.13	8.406	375.0	1437.5
71	HLO09_20180514_210803_1.mp3	MX.30443	51.7	52.216	500.0	2562.5
72	MRG11_20180519_000000_506.mp3	MX.30504	34.07	34.766	1562.5	2250.0
75	MRG18_20180617_161701_1.mp3	MX.35146	25.78	27.046	4750.0	7500.0
76	HLO13_20180609_154413_8.mp3	MX.35146	19.48	19.846	3375.0	6750.0
77	HLO13_20180609_154413_8.mp3	MX.35146	19.99	20.326	3187.5	7187.5
78	MRG27_20180611_183109_2.mp3	MX.35146	15.54	16.286	5125.0	6187.5
79	MRG27_20180611_183109_2.mp3	MX.35146	48.11	49.466	4312.5	6312.5
80	MRG27_20180611_183109_2.mp3	MX.35146	49.59	50.166	6562.5	8000.0
81	HLO07_20180715_070716_39.mp3	MX.32801	23.57	23.796	4687.5	8000.0
82	HLO07_20180715_070716_39.mp3	MX.32801	29.6	30.166	5062.5	8000.0
83	HLO07_20180715_070716_39.mp3	MX.32801	35.45	35.816	5437.5	8000.0
84	HLO01_20180523_032303_4.mp3	MX.32801	27.01	27.536	3437.5	6750.0
85	HLO15_20180615_063048_15.mp3	MX.32801	23.28	24.286	4687.5	7187.5
86	HLO01_20180531_060136_55.mp3	MX.32801	13.42	14.606	3125.0	5562.5
87	HLO01_20180523_032303_4.mp3	MX.32801	41.72	42.326	4437.5	8000.0
88	HLO01_20180523_032303_4.mp3	MX.32801	45.15	45.916	2312.5	7687.5
89	HLO01_20180523_032303_4.mp3	MX.32801	46.12	47.076	2187.5	6375.0
90	HLO06_20180611_121201_32.mp3	MX.32801	26.37	27.076	1687.5	6187.5
91	HLO06_20180611_121201_32.mp3	MX.32801	32.81	34.306	5437.5	8000.0
92	HLO06_20180611_121201_32.mp3	MX.32801	54.98	56.206	2875.0	6500.0
93	HLO06_20180611_121201_32.mp3	MX.32801	54.39	55.286	1500.0	6312.5
94	HLO01_20180531_060136_55.mp3	MX.32801	30.51	31.896	6812.5	8000.0
95	HLO01_20180531_060136_55.mp3	MX.32801	21.6	22.136	5437.5	7937.5
96	HLO01_20180531_060136_55.mp3	MX.32801	42.67	43.296	2562.5	4250.0
97	HLO15_20180529_091230_37.mp3	MX.32801	16.6	17.246	2625.0	3812.5
99	HLO14_20180523_074833_32.mp3	MX.34021	24.26	25.276	4625.0	7062.5
101	HLO14_20180523_074833_32.mp3	MX.34021	24.95	25.366	4625.0	7000.0
102	HLO16_20180526_035552_15.mp3	MX.34021	11.63	11.946	2437.5	5375.0
105	HLO16_20180520_085552_25.mp3	MX.34021	17.83	18.196	2625.0	5625.0
106	HLO16_20180520_085552_25.mp3	MX.34021	10.03	10.616	2375.0	6125.0
107	HLO16_20180520_085552_25.mp3	MX.34021	32.92	33.496	2500.0	5187.5
108	HLO16_20180520_085552_25.mp3	MX.34021	24.78	25.296	2437.5	6250.0
110	HLO02_20180606_203137_13.mp3	MX.36237	3.24	3.606	2625.0	4562.5
111	HLO03_20180514_212858_18.mp3	MX.36237	45.15	45.626	2812.5	4437.5
112	HLO16_20180530_150212_43.mp3	MX.36237	8.45	8.746	2562.5	4500.0
113	HLO15_20180614_093033_3.mp3	MX.36237	15.92	16.136	3687.5	8000.0
114	HLO15_20180614_093033_3.mp3	MX.36237	39.19	39.336	3625.0	8000.0
115	HLO04_20180613_055200_42.mp3	MX.36237	56.23	56.366	1687.5	3437.5
116	HLO04_20180524_122718_56.mp3	MX.36237	2.11	4.846	1687.5	8000.0
117	HLO04_20180524_122718_56.mp3	MX.36237	12.63	13.546	3437.5	7125.0
118	HLO04_20180524_122718_56.mp3	MX.36237	14.29	14.706	2125.0	7062.5
119	MRG14_20180525_104536_5.mp3	MX.36237	22.7	23.716	2750.0	4312.5
120	MRG20_20180612_053114_6.mp3	MX.36237	25.15	25.766	2375.0	4312.5
121	MRG20_20180612_053114_6.mp3	MX.36237	24.52	25.766	2312.5	4750.0
122	MRG24_20180607_065144_6.mp3	MX.27214	13.21	14.666	625.0	1437.5
123	HLO07_20180715_070716_39.mp3	MX.27214	3.06	4.256	437.5	4062.5
124	HLO15_20180525_041230_51.mp3	MX.27750	0.91	1.336	437.5	1812.5
125	HLO15_20180525_041230_51.mp3	MX.27750	24.67	25.336	375.0	1625.0
126	HLO13_20180528_051947_15.mp3	MX.27748	0.99	1.616	1375.0	2312.5
129	HLO14_20180509_074716_28.mp3	MX.27748	19.68	19.916	1000.0	3062.5
130	HLO15_20180514_061439_34.mp3	MX.27748	35.51	35.826	750.0	2562.5
131	HLO15_20180514_061439_34.mp3	MX.27748	53.75	54.736	1312.5	2687.5
134	HLO05_20180614_104019_26.mp3	MX.34553	44.44	44.796	3875.0	7437.5
135	HLO06_20180611_121201_32.mp3	MX.34553	43.46	44.776	2562.5	7562.5
137	HLO06_20180611_121201_32.mp3	MX.34553	44.22	44.766	4750.0	7187.5
138	MRG02_20180520_000000_394.mp3	MX.36358	22.28	22.436	2875.0	5625.0
140	HLO16_20180526_035552_15.mp3	MX.26926	11.77	13.136	687.5	2187.5
141	HLO16_20180526_035552_15.mp3	MX.26926	2.26	2.616	312.5	812.5
142	HLO16_20180526_035552_15.mp3	MX.26926	31.82	33.346	375.0	750.0
143	HLO09_20180525_200226_37.mp3	MX.33989	44.84	45.116	5750.0	8000.0
145	MRG19_20180715_170922_10.mp3	MX.33989	5.62	6.106	3312.5	8000.0
147	MRG19_20180715_170922_10.mp3	MX.33989	3.73	3.966	5000.0	8000.0
148	MRG24_20180607_065144_6.mp3	MX.27613	48.65	48.996	1562.5	2625.0
151	HLO07_20180715_070716_39.mp3	MX.34567	40.52	40.756	3062.5	7187.5
153	HLO01_20180522_092303_40.mp3	MX.34567	26.11	26.566	3500.0	5937.5
154	HLO01_20180522_092303_40.mp3	MX.34567	42.84	43.806	3500.0	6062.5
155	HLO08_20180512_062110_7.mp3	MX.34567	29.55	30.626	3312.5	5500.0
156	HLO08_20180512_062110_7.mp3	MX.34567	22.85	23.316	3125.0	5375.0
158	HLO02_20180525_045340_54.mp3	MX.34567	56.58	57.226	3437.5	7812.5
159	HLO02_20180525_045340_54.mp3	MX.34567	57.44	57.926	3500.0	7500.0
160	HLO06_20180615_051036_33.mp3	MX.34549	16.36	16.746	3750.0	4937.5
163	HLO04_20180614_035210_8.mp3	MX.34549	16.57	18.056	3437.5	7937.5
164	HLO04_20180614_035210_8.mp3	MX.34549	21.8	22.186	3125.0	8000.0
165	HLO04_20180614_035210_8.mp3	MX.34549	29.34	29.706	3625.0	8000.0
167	HLO16_20180515_095653_17.mp3	MX.32895	5.52	6.216	2750.0	4625.0
168	HLO16_20180520_085552_25.mp3	MX.32895	34.83	35.486	2687.5	4937.5
169	HLO16_20180515_095653_17.mp3	MX.32895	14.04	14.406	1937.5	4125.0
170	MRG04_20180609_033242_1.mp3	MX.32895	0.38	0.856	2562.5	6312.5
171	MRG04_20180609_033242_1.mp3	MX.32895	9.63	10.276	1437.5	7625.0
172	MRG04_20180609_033242_1.mp3	MX.32895	54.3	54.536	2375.0	8000.0
174	MRG04_20180609_033242_1.mp3	MX.32895	42.3	43.016	2125.0	8000.0
175	HLO07_20180520_041528_1.mp3	MX.33874	11.67	11.866	3562.5	6750.0
176	HLO07_20180520_041528_1.mp3	MX.33874	0.93	1.506	3875.0	6750.0
177	HLO07_20180520_041528_1.mp3	MX.33874	10.65	10.856	3750.0	6437.5
178	MRG23_20180511_000000_368.mp3	MX.33874	7.08	7.266	2812.5	6250.0
179	MRG23_20180511_000000_368.mp3	MX.33874	7.38	7.496	3625.0	5750.0
180	HLO06_20180609_181131_5.mp3	MX.33874	16.33	17.166	2437.5	6562.5
181	MRG23_20180531_091436_7.mp3	MX.33874	27.51	27.726	3500.0	7312.5
182	MRG23_20180531_091436_7.mp3	MX.33874	28.13	28.336	3312.5	7562.5
183	MRG23_20180531_091436_7.mp3	MX.33874	28.76	28.986	2937.5	7125.0
184	MRG05_20180521_000000_543.mp3	MX.33878	54.32	55.016	3125.0	5250.0
187	HLO02_20180607_023107_50.mp3	MX.33878	45.77	46.216	3562.5	8000.0
188	HLO02_20180531_073042_11.mp3	MX.33878	3.15	3.446	5375.0	7625.0
189	MRG27_20180511_183831_5.mp3	MX.33873	30.88	34.326	2187.5	7250.0
190	MRG27_20180511_183831_5.mp3	MX.33873	32.17	33.256	2750.0	5000.0
191	MRG27_20180511_183831_5.mp3	MX.33873	31.41	32.356	3437.5	6312.5
192	HLO01_20180523_092303_29.mp3	MX.33873	11.47	12.256	2812.5	4500.0
194	MRG05_20180521_000000_543.mp3	MX.33878	54.35	54.686	3187.5	5250.0
195	HLO09_20180521_050227_39.mp3	MX.34535	26.77	27.146	3875.0	7437.5
197	MRG14_20180525_104536_5.mp3	MX.34535	1.23	1.546	2687.5	4812.5
198	MRG19_20180521_000000_544.mp3	MX.34535	0.77	0.986	5812.5	6937.5
199	MRG19_20180521_000000_544.mp3	MX.34535	21.05	21.536	3187.5	5687.5
200	MRG19_20180521_000000_544.mp3	MX.34535	20.08	20.506	3000.0	5125.0
201	HLO13_20180528_051947_15.mp3	MX.32772	23.22	24.616	3937.5	7062.5
202	HLO13_20180528_051947_15.mp3	MX.32772	24.07	24.546	5562.5	6812.5
203	HLO13_20180528_051947_15.mp3	MX.32772	23.55	24.076	3687.5	5562.5
204	HLO15_20180514_061439_34.mp3	MX.32772	36.2	36.626	5437.5	7562.5
205	HLO13_20180512_130606_40.mp3	MX.33954	22.87	23.636	6375.0	8000.0
206	HLO13_20180512_130606_40.mp3	MX.33954	23.03	23.486	6562.5	7812.5
207	HLO13_20180512_130606_40.mp3	MX.33954	10.21	11.766	5937.5	7875.0
208	HLO15_20180525_041230_51.mp3	MX.33954	22.63	24.126	4750.0	7750.0
209	MRG01_20180514_000000_463.mp3	MX.33954	8.12	8.786	6125.0	7687.5
210	HLO13_20180512_130606_40.mp3	MX.33954	23.62	24.116	6437.5	7625.0
211	HLO07_20180512_220556_1.mp3	MX.27649	20.75	22.156	250.0	1687.5
212	HLO07_20180512_220556_1.mp3	MX.27649	24.7	24.986	250.0	1750.0
213	HLO07_20180512_220556_1.mp3	MX.27649	25.17	25.506	62.5	1750.0
214	HLO07_20180512_220556_1.mp3	MX.27649	25.47	25.676	2000.0	8000.0
216	MRG27_20180619_050536_10.mp3	MX.33935	10.02	10.506	1812.5	7500.0
218	MRG27_20180619_050536_10.mp3	MX.33935	19.83	20.706	2312.5	6187.5
219	MRG27_20180619_050536_10.mp3	MX.33935	16.98	18.726	1687.5	3937.5
222	MRG27_20180619_050536_10.mp3	MX.33935	41.11	41.976	2187.5	7437.5
223	MRG18_20180528_064254_3.mp3	MX.33936	5.64	6.296	1875.0	5625.0
224	MRG18_20180528_064254_3.mp3	MX.33936	5.63	6.006	2812.5	4875.0
225	HLO11_20180518_054215_55.mp3	MX.33937	20.38	20.596	2500.0	5125.0
226	HLO11_20180518_054215_55.mp3	MX.33937	20.3	20.716	2375.0	4937.5
227	HLO07_20180513_080556_39.mp3	MX.33937	18.33	18.956	2875.0	5000.0
228	HLO07_20180513_080556_39.mp3	MX.33937	18.54	18.746	2812.5	5187.5
229	HLO06_20180626_083605_50.mp3	MX.32696	5.32	6.366	5125.0	6625.0
230	HLO06_20180626_083605_50.mp3	MX.32696	44.19	45.276	3937.5	6437.5
231	HLO06_20180626_083605_50.mp3	MX.32696	46.56	47.996	6437.5	8000.0
232	MRG20_20180712_044808_8.mp3	MX.32696	13.68	15.156	3000.0	7000.0
233	MRG20_20180712_044808_8.mp3	MX.32696	4.45	5.316	4812.5	7062.5
234	MRG20_20180712_044808_8.mp3	MX.32696	12.13	13.186	5437.5	8000.0
235	MRG20_20180612_053114_6.mp3	MX.33118	41.13	42.606	2812.5	5750.0
236	MRG20_20180612_053114_6.mp3	MX.33118	50.27	51.326	2687.5	6000.0
237	MRG18_20180614_191319_3.mp3	MX.33118	24.61	25.476	2687.5	4437.5
238	HLO02_20180523_085340_17.mp3	MX.33118	54.58	55.016	2250.0	4375.0
239	HLO02_20180523_085340_17.mp3	MX.33118	54.58	55.576	1937.5	4312.5
245	MRG11_20180516_000000_328.mp3	MX.33106	12.42	13.386	1375.0	4625.0
246	HLO15_20180522_121230_38.mp3	MX.33106	42.91	43.706	1000.0	6062.5
247	HLO16_20180527_215552_20.mp3	MX.33106	10.43	11.506	1500.0	2937.5
249	MRG16_20180531_063020_9.mp3	MX.33106	12.6	13.486	1562.5	3312.5
250	MRG16_20180531_063020_9.mp3	MX.33106	21.62	22.096	1562.5	7750.0
251	MRG16_20180531_063020_9.mp3	MX.33106	21.58	22.126	1437.5	4562.5
252	MRG11_20180516_000000_328.mp3	MX.33106	55.56	56.546	1375.0	3500.0
253	MRG11_20180519_000000_506.mp3	MX.33106	37.06	38.206	1437.5	3062.5
254	MRG11_20180519_000000_506.mp3	MX.33106	38.25	38.786	1937.5	4125.0
255	HLO06_20180621_203705_25.mp3	MX.33106	33.24	33.676	2250.0	8000.0
256	HLO06_20180621_203705_25.mp3	MX.33106	16.43	17.046	3437.5	7500.0
257	HLO06_20180621_203705_25.mp3	MX.33106	46.34	46.696	3750.0	7750.0
258	HLO06_20180621_203705_25.mp3	MX.33106	24.52	25.436	1375.0	3812.5
259	MRG11_20180516_000000_328.mp3	MX.33106	0.84	2.946	1062.5	3250.0
260	MRG11_20180516_000000_328.mp3	MX.33106	12.94	13.376	1687.5	4625.0
262	HLO12_20180514_220153_48.mp3	MX.33119	56.11	56.816	1875.0	3125.0
263	HLO10_20180526_025024_23.mp3	MX.33119	34.06	34.386	2250.0	8000.0
264	HLO10_20180526_025024_23.mp3	MX.33119	18.37	18.766	1312.5	4875.0
265	HLO02_20180523_015340_56.mp3	MX.33119	43.94	44.766	1312.5	3875.0
266	HLO02_20180523_015340_56.mp3	MX.33119	18.26	19.056	1500.0	4375.0
267	HLO02_20180523_015340_56.mp3	MX.33119	8.97	9.506	5312.5	8000.0
268	HLO12_20180514_220153_48.mp3	MX.33119	31.5	32.156	3875.0	8000.0
269	HLO12_20180514_220153_48.mp3	MX.33119	28.55	29.246	2000.0	8000.0
270	HLO12_20180514_220153_48.mp3	MX.33119	34.56	35.126	1687.5	7937.5
271	HLO12_20180514_220153_48.mp3	MX.33119	57.62	58.516	6062.5	7812.5
272	HLO05_20180614_013904_57.mp3	MX.33119	21.54	22.376	875.0	3500.0
273	HLO05_20180614_013904_57.mp3	MX.33119	54.27	55.136	2812.5	7687.5
274	HLO12_20180514_220153_48.mp3	MX.33119	44.38	44.756	1187.5	8000.0
275	HLO13_20180531_022835_47.mp3	MX.33119	5.99	6.566	1937.5	3500.0
276	HLO12_20180511_040153_34.mp3	MX.33119	30.37	31.206	3875.0	7875.0
277	HLO06_20180626_083605_50.mp3	MX.33119	19.1	20.056	1500.0	2875.0
278	HLO06_20180626_083605_50.mp3	MX.33119	36.01	36.696	2500.0	4312.5
279	HLO06_20180626_083605_50.mp3	MX.33119	34.29	34.716	1062.5	3500.0
280	HLO05_20180614_013904_57.mp3	MX.33119	2.99	3.766	1937.5	7812.5
281	HLO05_20180614_013904_57.mp3	MX.33119	12.18	13.076	3937.5	8000.0
282	HLO02_20180516_203933_44.mp3	MX.33119	9.86	10.516	1750.0	4500.0
283	HLO09_20180508_200803_42.mp3	MX.33119	57.51	57.946	2125.0	4187.5
285	HLO04_20180609_185255_55.mp3	MX.33119	35.46	36.006	1625.0	3187.5
286	HLO04_20180609_185255_55.mp3	MX.33119	48.18	48.526	1375.0	3562.5
287	HLO08_20180520_051503_13.mp3	MX.33119	46.97	47.416	1812.5	2375.0
288	HLO08_20180520_051503_13.mp3	MX.33119	7.19	7.446	1375.0	3062.5
289	HLO01_20180601_080126_30.mp3	MX.33117	24.0	24.136	1187.5	2750.0
290	HLO07_20180611_195511_2.mp3	MX.27527	11.66	11.976	937.5	2375.0
291	HLO07_20180611_195511_2.mp3	MX.27527	12.31	12.556	562.5	2812.5
292	HLO02_20180523_085340_17.mp3	MX.27527	15.23	15.586	875.0	2187.5
294	HLO10_20180531_055431_37.mp3	MX.32065	2.21	2.646	2187.5	5812.5
295	HLO10_20180531_055431_37.mp3	MX.32065	15.04	15.526	3500.0	5875.0
296	HLO10_20180531_055431_37.mp3	MX.32065	43.01	43.406	3250.0	5500.0
297	HLO09_20180710_072533_29.mp3	MX.32065	13.4	13.816	3125.0	5125.0
299	HLO02_20180711_100908_12.mp3	MX.32065	20.48	21.036	3187.5	5437.5
300	HLO02_20180711_100908_12.mp3	MX.32065	19.3	19.656	1750.0	4562.5
301	HLO02_20180711_100908_12.mp3	MX.32065	37.64	38.066	2875.0	5625.0
303	HLO12_20180610_175801_28.mp3	MX.29324	7.67	8.346	4187.5	6437.5
304	HLO15_20180714_234012_41.mp3	MX.26094	19.65	20.116	687.5	4812.5
305	MRG02_20180513_000000_189.mp3	MX.29172	11.16	13.856	500.0	2812.5
306	MRG02_20180513_000000_189.mp3	MX.29172	29.16	32.446	625.0	2687.5
307	MRG10_20180519_000000_408.mp3	MX.36331	33.36	34.486	2000.0	6125.0
308	HLO11_20180609_050857_51.mp3	MX.36283	36.3	37.516	1187.5	7250.0
309	MRG16_20180606_083859_1.mp3	MX.73566	2.09	2.476	250.0	3937.5
310	HLO07_20180509_060556_59.mp3	MX.73566	9.87	10.766	375.0	2750.0
311	HLO13_20180516_040606_19.mp3	MX.73566	15.93	16.556	62.5	4437.5
312	HLO14_20180609_171038_27.mp3	MX.73566	31.35	32.186	250.0	3187.5
313	HLO11_20180602_083745_53.mp3	MX.37178	15.69	17.436	312.5	1375.0
314	HLO11_20180602_083745_53.mp3	MX.37178	52.08	52.866	250.0	2437.5
315	HLO09_20180711_072533_19.mp3	MX.37178	32.24	32.766	500.0	4312.5
316	HLO09_20180711_072533_19.mp3	MX.37178	11.12	11.806	437.5	4312.5
317	HLO09_20180516_060803_37.mp3	MX.37142	8.89	9.106	687.5	3250.0
320	HLO09_20180516_060803_37.mp3	MX.30443	36.92	37.476	500.0	7875.0
321	HLO04_20180525_072718_33.mp3	MX.37090	23.81	24.226	562.5	7937.5
322	MRG19_20180601_121008_4.mp3	MX.37090	30.32	30.946	250.0	7312.5
323	MRG19_20180601_121008_4.mp3	MX.37090	32.38	33.026	937.5	6875.0
324	MRG05_20180713_051717_1.mp3	MX.37090	35.99	36.786	1312.5	5750.0
325	HLO11_20180513_154215_55.mp3	MX.30333	36.66	37.096	1125.0	3250.0
326	HLO12_20180513_040153_42.mp3	MX.34553	4.34	5.406	2562.5	7625.0
327	HLO12_20180610_175801_28.mp3	MX.34553	54.06	54.726	2937.5	7437.5
328	HLO02_20180709_141048_55.mp3	MX.36358	44.97	45.536	2000.0	4375.0
329	HLO05_20180710_084958_20.mp3	MX.36358	19.51	19.666	1437.5	6312.5
335	HLO01_20180527_032303_40.mp3	MX.34549	8.38	9.146	4062.5	7937.5
336	MRG23_20180513_000000_323.mp3	MX.27152	5.84	6.696	500.0	1562.5
338	MRG05_20180520_000000_444.mp3	MX.33878	45.94	46.886	3750.0	7750.0
339	HLO15_20180522_071230_37.mp3	MX.33878	44.13	45.756	4500.0	7937.5
341	HLO07_20180709_190817_28.mp3	MX.37122	56.66	56.926	937.5	2687.5
342	MRG23_20180513_000000_323.mp3	MX.37122	30.91	31.796	1000.0	1937.5
343	HLO07_20180709_190817_28.mp3	MX.37122	56.64	56.926	687.5	2937.5
344	MRG05_20180511_000000_745.mp3	MX.34535	1.59	2.966	2500.0	5062.5
347	HLO15_20180514_081439_42.mp3	MX.36287	25.05	25.526	3250.0	5250.0
348	HLO07_20180715_160831_4.mp3	MX.33935	8.5	9.136	437.5	6687.5
349	MRG27_20180603_044325_7.mp3	MX.33936	53.26	53.946	2562.5	6812.5
350	MRG27_20180603_044325_7.mp3	MX.33936	27.05	28.256	1562.5	6812.5
351	MRG27_20180603_050325_2.mp3	MX.33936	6.84	8.106	1625.0	7000.0
352	MRG04_20180520_000000_474.mp3	MX.26928	6.31	7.596	875.0	7625.0
353	MRG04_20180520_000000_474.mp3	MX.26928	49.74	51.776	1125.0	7812.5
354	HLO02_20180602_033102_29.mp3	MX.26931	5.35	8.236	6187.5	8000.0
355	HLO02_20180602_033102_29.mp3	MX.26931	39.17	41.596	6687.5	8000.0
357	MRG18_20180714_143054_9.mp3	MX.33118	13.03	13.726	1750.0	8000.0
362	MRG10_20180531_021535_9.mp3	MX.33117	30.55	31.006	562.5	5500.0
363	MRG10_20180531_021535_9.mp3	MX.33117	8.51	9.726	437.5	7625.0
364	MRG10_20180510_094838_592.mp3	MX.33117	5.73	6.136	562.5	7812.5
365	MRG24_20180611_105144_7.mp3	MX.33117	10.25	11.286	437.5	6312.5
366	MRG27_20180531_090325_4.mp3	MX.33117	23.88	24.456	687.5	4812.5
367	MRG04_20180520_000000_474.mp3	MX.33121	2.8	4.646	1187.5	3687.5
368	MRG04_20180520_000000_474.mp3	MX.33121	15.59	17.136	1187.5	3437.5
369	MRG01_20180520_000000_385.mp3	MX.33121	11.19	13.456	1625.0	3312.5
370	MRG01_20180520_000000_385.mp3	MX.33121	30.06	32.156	1625.0	3375.0
371	MRG01_20180520_000000_385.mp3	MX.33121	54.54	55.806	1500.0	3312.5
372	HLO07_20180716_060721_21.mp3	MX.26647	7.56	9.276	1562.5	4000.0
373	MRG16_20180609_013859_10.mp3	MX.27634	12.62	13.596	3812.5	5437.5
374	MRG16_20180609_013859_10.mp3	MX.27634	29.79	30.786	3312.5	5750.0
375	HLO15_20180515_021439_31.mp3	MX.27634	25.96	27.326	3062.5	6187.5
376	HLO15_20180515_021439_31.mp3	MX.27634	8.04	8.956	2750.0	6375.0
377	HLO15_20180515_021439_31.mp3	MX.27634	30.78	33.126	2937.5	6250.0
378	HLO16_20180528_195552_19.mp3	MX.26291	42.33	43.076	437.5	1937.5
382	MRG02_20180608_002753_9.mp3	MX.29172	44.44	44.986	1062.5	3437.5
383	HLO14_20180514_234716_47.mp3	MX.26427	54.99	55.956	375.0	3375.0
391	MRG05_20180611_153815_9.mp3	MX.34029	23.06	24.866	2750.0	7562.5
392	MRG05_20180616_184409_9.mp3	MX.34029	12.0	14.826	3062.5	7687.5
393	HLO02_20180518_033933_35.mp3	MX.25837	41.43	43.946	625.0	1687.5
394	HLO03_20180603_050951_47.mp3	MX.25836	37.45	37.826	0.0	3375.0
399	HLO08_20180522_111503_23.mp3	MX.30333	30.08	31.086	1250.0	5875.0
400	HLO09_20180512_090803_43.mp3	MX.30333	10.59	11.456	687.5	7625.0
407	HLO08_20180613_105203_31.mp3	MX.36358	10.15	10.906	2437.5	5125.0
409	HLO15_20180718_063937_54.mp3	MX.36356	35.29	35.676	1312.5	4187.5
411	HLO11_20180512_004215_22.mp3	MX.26429	2.41	3.806	1062.5	2000.0
412	HLO10_20180522_045024_53.mp3	MX.26442	4.76	5.526	125.0	3562.5
413	HLO10_20180522_045024_53.mp3	MX.26442	37.54	38.986	187.5	2687.5
416	HLO11_20180610_050857_36.mp3	MX.27610	36.4	36.926	2000.0	3562.5
417	HLO04_20180710_070915_46.mp3	MX.36366	52.26	52.976	1437.5	3812.5
418	HLO06_20180613_031046_17.mp3	MX.36366	44.62	44.936	1937.5	3312.5
419	MRG17_20180515_000000_148.mp3	MX.28998	10.55	12.006	250.0	1812.5
420	HLO07_20180714_230756_43.mp3	MX.28998	18.3	19.866	312.5	1437.5
421	HLO07_20180714_230756_43.mp3	MX.28998	23.55	24.926	187.5	1812.5
422	MRG16_20180607_003859_6.mp3	MX.29003	12.62	14.016	62.5	875.0
423	HLO09_20180523_050226_11.mp3	MX.33934	54.69	55.856	1500.0	5062.5
425	MRG16_20180614_073859_6.mp3	MX.33934	47.93	48.556	1937.5	4375.0
426	MRG16_20180623_094440_7.mp3	MX.33934	12.03	12.936	1687.5	4500.0
427	MRG16_20180616_110440_2.mp3	MX.33934	36.3	37.516	1875.0	6750.0
428	HLO15_20180601_051525_39.mp3	MX.33934	56.21	57.116	1562.5	4312.5
429	HLO12_20180509_090153_24.mp3	MX.27626	40.34	42.246	2687.5	5250.0
430	HLO12_20180509_090153_24.mp3	MX.27626	32.85	34.046	2500.0	4812.5
437	MRG10_20180512_000000_672.mp3	MX.37122	2.56	3.116	312.5	3187.5
438	MRG10_20180512_000000_672.mp3	MX.37122	27.84	28.506	312.5	4437.5
439	MRG10_20180520_183830_83.mp3	MX.37122	25.7	26.386	375.0	3437.5
440	HLO07_20180716_090906_44.mp3	MX.33935	0.16	0.896	687.5	6812.5
441	HLO10_20180527_045024_44.mp3	MX.33935	9.54	10.516	687.5	7625.0
442	HLO10_20180527_045024_44.mp3	MX.33935	11.38	12.156	1312.5	7562.5
443	MRG14_20180601_080536_3.mp3	MX.33935	35.82	37.406	1250.0	5562.5
444	MRG27_20180621_034536_2.mp3	MX.33935	37.39	38.426	937.5	7125.0
445	HLO10_20180527_045024_44.mp3	MX.33935	31.21	32.446	750.0	6750.0
446	HLO10_20180527_045024_44.mp3	MX.33935	49.4	50.006	1750.0	7750.0
